颜色ID,颜色注释（对应商品主表的商品属性）,颜色排序,更新时间
1015,灰色,0,20170616
1016,粉色,0,20170616
1017,黑色,10,20170616
1018,白色,9,20170616
1019,卡其,0,20170616
1020,驼色,0,20170616
1021,咖啡色,0,20170616
1022,条纹,0,20170616
1023,紫色,0,20170616
1024,如图,0,20170616
1025,蓝色,7,20170616
1026,红色,6,20170616
1027,藏蓝色,1,20170616
1028,杏色,5,20170616
1029,深蓝,0,20170616
1030,浅蓝,0,20170616
1031,绿色,0,20170616
1032,浅蓝色,5,20170616
1033,深蓝色,4,20170616
1034,烟灰,0,20170616
1035,白条纹,0,20170616
1036,黑条纹,0,20170616
1037,藏蓝条纹,0,20170616
1038,灰条纹,0,20170616
1039,粉条纹,0,20170616
1040,黄色,6,20170616
1041,豆绿,0,20170616
1042,杏色小菱格,0,20170616
1043,枣红小菱格,0,20170616
1044,杏色大格,0,20170616
1045,绿色大格,0,20170616
1046,蓝条,0,20170616
1047,黑白条,0,20170616
1048,橘红,0,20170616
1049,橙色,0,20170616
1050,蓝粉大花色,0,20170616
1051,藏蓝,0,20170616
1052,黑底白条,0,20170616
1053,白底黑条,0,20170616
1054,红底白条,0,20170616
1055,灰条,0,20170616
1056,深灰黑,0,20170616
1057,白底蓝印花,0,20170616
1058,白底红印花,0,20170616
1059,蓝格,0,20170616
1060,暗紫,0,20170616
1061,黑宽条,0,20170616
1062,灰宽条,0,20170616
1063,黑细条,0,20170616
1064,灰细条,0,20170616
1065,黑条,0,20170616
1066,粉条,0,20170616
1067,黑底红花,0,20170616
1068,黑底白花,0,20170616
1069,深蓝色花色,0,20170616
1070,粉色花色,0,20170616
1071,深灰,0,20170616
1072,香槟色,0,20170616
1073,深咖,0,20170616
1074,军绿,0,20170616
1075,格子,0,20170616
1076,紫蓝色,0,20170616
1077,玫红,0,20170616
1078,白底红花,0,20170616
1079,白底蓝花,0,20170616
1080,蓝紫色,0,20170616
1081,红黄色,0,20170616
1082,蓝绿色,0,20170616
1083,灰蓝,0,20170616
1084,浅灰,0,20170616
1085,藏青,0,20170616
1086,草绿,0,20170616
1087,白条,0,20170616
1088,黄条,0,20170616
1089,白色条纹,0,20170616
1090,黑色条纹,0,20170616
1091,白色格子,0,20170616
1092,黑色格子,0,20170616
1093,天蓝,0,20170616
1094,宝蓝,0,20170616
1095,深蓝拼接白,0,20170616
1096,浅蓝拼接白,0,20170616
1097,白拼接灰,0,20170616
1098,黑拼接黑,0,20170616
1099,豆沙绿,0,20170616
1100,红横条,0,20170616
1101,黑横条,0,20170616
1102,虾粉,0,20170616
1103,桔色,0,20170616
1104,黑底绿条,0,20170616
1105,白底绿条,0,20170616
1106,白底红条,0,20170616
1107,白底咖条,0,20170616
1108,裸色,0,20170616
1109,灰蓝色,0,20170616
1110,蓝灰色,0,20170616
1111,白底蓝条,0,20170616
1112,蓝底白条,0,20170616
1113,藏青色,0,20170616
1114,酒红,0,20170616
1115,咖条,0,20170616
1116,蓝灰,0,20170616
1117,浅绿偏杏色,0,20170616
1118,墨绿,0,20170616
1119,橘色,4,20170616
1120,深蓝花,0,20170616
1121,白花,0,20170616
1122,绿条,0,20170616
1123,大花蓝,0,20170616
1124,大花粉,0,20170616
1125,小花蓝,0,20170616
1126,小花杏,0,20170616
1127,红黑条,0,20170616
1128,红蓝条,0,20170616
1129,浅粉,0,20170616
1130,浅咖,0,20170616
1131,模特图,0,20170616
1132,木模图,0,20170616
1133,粉紫色,0,20170616
1134,灰粉色,0,20170616
1135,橙绿,0,20170616
1136,粉灰,0,20170616
1137,黄灰,0,20170616
1138,枣红,0,20170616
1139,大花,0,20170616
1140,小花,0,20170616
1141,黑白,0,20170616
1142,橘,0,20170616
1143,白杏,0,20170616
1144,红灰,0,20170616
1145,黄蓝,0,20170616
1146,黑花,0,20170616
1147,竖条,0,20170616
1148,菱形,0,20170616
1149,橘粉,0,20170616
1150,深蓝底白花,0,20170616
1151,棕色,0,20170616
1152,花色,0,20170616
1153,花式,0,20170616
1154,姜黄,0,20170616
1155,古奇花,0,20170616
1156,老花,0,20170616
1157,红花,0,20170616
1158,黄花,0,20170616
1159,白加,0,20170616
1160,白蓝,0,20170616
1161,净白,0,20170616
1162,金色,0,20170616
1163,黑色拼黄色,0,20170616
1164,深绿拼卡其色,0,20170616
1165,红条,0,20170616
1166,橘子色,0,20170616
1167,黑配橘,0,20170616
1168,杏配红,0,20170616
1169,白配灰,0,20170616
1170,蓝绿,0,20170616
1171,黑蓝,0,20170616
1172,红绿,0,20170616
1173,黑红,0,20170616
1174,格子蓝,0,20170616
1175,深军绿,0,20170616
1176,砖红,0,20170616
1177,黑底黄花,0,20170616
1178,白底黄花,0,20170616
1179,咖底黄花,0,20170616
1180,白上衣红裙子,0,20170616
1181,红上衣绿裙子,0,20170616
1182,杏绿色,0,20170616
1183,蓝花,0,20170616
1184,橘花,0,20170616
1185,浅蓝灰,0,20170616
1186,黑上衣白打底,0,20170616
1187,白上衣黑打底,0,20170616
1188,LV花,0,20170616
1189,蓝白条,0,20170616
1190,红花色,0,20170616
1191,浅紫,0,20170616
1192,蓝底黄花,0,20170616
1193,黑底绿花,0,20170616
1194,深宝蓝,0,20170616
1195,蓝杏,0,20170616
1196,银色,0,20170616
1197,柠檬黄,0,20170616
1198,白底浅蓝,0,20170616
1199,白底宝蓝,0,20170616
1200,浅绿,0,20170616
1201,浅豆绿,0,20170616
1202,水蓝,0,20170616
1203,珊瑚蓝,0,20170616
1204,豆沙橘,0,20170616
1205,浅烟绿,0,20170616
1206,深灰咖色,0,20170616
1207,黑底粉花,0,20170616
1208,蓝底粉花,0,20170616
1209,大红,0,20170616
1210,桔红,0,20170616
1211,粉咖色,0,20170616
1212,蓝底黄条,0,20170616
1213,绿红蓝条,0,20170616
1214,粉蓝黄条,0,20170616
1215,红蓝绿条,0,20170616
1216,黄白条,0,20170616
1217,粉白条,0,20170616
1218,杏蓝条,0,20170616
1219,砖红色,0,20170616
1220,翠绿,0,20170616
1221,紫蓝,0,20170616
1222,杏,0,20170616
1223,绿,0,20170616
1224,牛仔条,0,20170616
1225,纯色牛仔,0,20170616
1226,粉杏色,0,20170616
1227,肉粉,0,20170616
1228,蓝条纹,0,20170616
1229,黄几何,0,20170616
1230,蓝几何,0,20170616
1231,白几何,0,20170616
1232,黑白拼色,0,20170616
1233,黑蓝拼色,0,20170616
1234,粉古奇,0,20170616
1235,白古奇,0,20170616
1236,米白,0,20170616
1237,黑星星,0,20170616
1238,黑羽毛拍,0,20170616
1239,白羽毛拍,0,20170616
1240,字母波点,0,20170616
1241,黑字母,0,20170616
1242,红嘴唇,0,20170616
1243,白字母,0,20170616
1244,星星马甲配黑色,0,20170616
1245,星星马甲配白色,0,20170616
1246,压褶马甲配白色,0,20170616
1247,压褶马甲配黑色,0,20170616
1248,桔花,0,20170616
1249,深藏青色,0,20170616
1250,黑底白背心,0,20170616
1251,白底黑背心,0,20170616
1252,半环,0,20170616
1253,全包环,0,20170616
1254,v形状,0,20170616
1255,方形状,0,20170616
1256,杏条,0,20170616
1257,浅军绿,0,20170616
1258,白竖条,0,20170616
1259,灰竖条,0,20170616
1260,粉花,0,20170616
1261,灰花,0,20170616
1262,彩蓝,0,20170616
1263,幻彩色,0,20170616
1264,蓝红条,0,20170616
1265,黄紫条,0,20170616
1266,红底白花,0,20170616
1267,黄底白花,0,20170616
1268,白绿,0,20170616
1269,蓝黄,0,20170616
1270,蓝粉,0,20170616
1271,白橙,0,20170616
1272,小碎花,0,20170616
1273,大花朵,0,20170616
1274,深黑色,0,20170616
1275,灰色花,0,20170616
1276,蓝红花,0,20170616
1277,黄绿花,0,20170616
1278,咖色,7,20170616
1279,红杏,0,20170616
1280,粉紫,0,20170616
1281,鸟图,0,20170616
1282,花料,0,20170616
1283,LV花纹,0,20170616
1284,薄荷绿,0,20170616
1285,彩条,0,20170616
1286,哑光金,0,20170616
1287,哑光银,0,20170616
1288,灰黄,0,20170616
1289,白灰,0,20170616
1290,黄绿,0,20170616
1291,奶茶色,0,20170616
1292,格仔,0,20170616
1293,浅咖啡,0,20170616
1294,深咖啡,0,20170616
1295,红蓝色,0,20170616
1296,杏紫色,0,20170616
1297,电光蓝,0,20170616
1298,紫红,0,20170616
1299,白底黑点,0,20170616
1300,黑底白点,0,20170616
1301,蓝底红花,0,20170616
1302,蓝底蓝花,0,20170616
1303,裸粉,0,20170616
1304,黑格,0,20170616
1305,灰格,0,20170616
1306,荧光黄,0,20170616
1307,杏黑,0,20170616
1308,绿兰,0,20170616
1309,桔粉,0,20170616
1310,玫瑰金,0,20170616
1311,摩卡色,0,20170616
1312,海藻绿,0,20170616
1313,have a nice day,0,20170616
1314,be smile黑色,0,20170616
1315,be smile黄色,0,20170616
1316,be smile红色,0,20170616
1317,浅驼灰,0,20170616
1318,豹纹,0,20170616
1319,笑脸,0,20170616
1320,挤眼笑脸,0,20170616
1321,红蓝,0,20170616
1322,粽色,0,20170616
1323,条纹藏蓝,0,20170616
1324,酒红色,0,20170616
1325,亮蓝,0,20170616
1326,西瓜红,0,20170616
1327,深绿,0,20170616
1328,纯黑,0,20170616
1329,黑上衣杏短裤,0,20170616
1330,杏粉,0,20170616
1331,肉色,0,20170616
1332,棕,0,20170616
1333,波纹,0,20170616
1334,花,0,20170616
1335,白拼红,0,20170616
1336,黑拼白,0,20170616
1337,红拼白,0,20170616
1338,黄咖,0,20170616
1339,绿领拼接黑,0,20170616
1340,白领拼黑,0,20170616
1341,荧光绿,0,20170616
1342,淡紫,0,20170616
1343,粉,0,20170616
1344,黑底蓝花,0,20170616
1345,橘红色,0,20170616
1346,黑（彩带）,0,20170616
1347,咖,0,20170616
1348,豆沙红,0,20170616
1349,白色盖配彩条,0,20170616
1350,灰色盖配彩条,0,20170616
1351,橙色彩条,0,20170616
1352,中蓝,0,20170616
1353,红衣黑裙,0,20170616
1354,黑衣花裙,0,20170616
1355,土黄,0,20170616
1356,肤色,0,20170616
1357,灰绿,0,20170616
1358,豆沙,0,20170616
1359,花粉,0,20170616
1360,粉公仔,0,20170616
1361,黑公仔,0,20170616
1362,迷彩红,0,20170616
1363,蓝橘,0,20170616
1364,香芋,0,20170616
1365,粽彩条,0,20170616
1366,灰彩条,0,20170616
1367,灰橫彩条,0,20170616
1368,蓝彩条,0,20170616
1369,粉拼红,0,20170616
1370,蓝拼白,0,20170616
1371,红拼黑,0,20170616
1372,古白,0,20170616
1373,菠萝杏,0,20170616
1374,菠萝深蓝,0,20170616
1375,眼睛杏,0,20170616
1376,眼睛黑,0,20170616
1377,眼睛浅蓝,0,20170616
1378,浅豆沙,0,20170616
1379,暗橘,0,20170616
1380,牙白,0,20170616
1381,菠萝白,0,20170616
1382,眼睛白,0,20170616
1383,米粉,0,20170616
1384,银灰色,0,20170616
1385,绿边,0,20170616
1386,蓝黑边,0,20170616
1387,粉红,0,20170616
1388,深紫,0,20170616
1389,深粉,0,20170616
1390,香芋紫,0,20170616
1391,浅黄色,0,20170616
1392,拼边玫红,0,20170616
1393,酒红配粉,0,20170616
1394,粉配灰,0,20170616
1395,白配黑,0,20170616
1396,深灰配浅灰,0,20170616
1397,绿红,0,20170616
1398,白格,0,20170616
1399,亚麻蓝,0,20170616
1400,牛仔蓝,0,20170616
1401,白细条,0,20170616
1402,红白条,0,20170616
1403,白底蓝点,0,20170616
1404,细条纹,0,20170616
1405,粗条纹,0,20170616
1406,旧橘色,0,20170616
1407,荧光粉,0,20170616
1408,鹅黄色,0,20170616
1409,古铜色,0,20170616
1410,果绿,0,20170616
1411,红拼蓝领,0,20170616
1412,白底拼绿领,0,20170616
1413,黑底拼红领,0,20170616
1414,军绿色,0,20170616
1415,孔蓝,0,20170616
1416,黑配白,0,20170616
1417,红配白,0,20170616
1418,卡其配白,0,20170616
1419,白红,0,20170616
1420,蓝黑,0,20170616
1421,灰白,0,20170616
1422,浅绿色,0,20170616
1423,深绿色,0,20170616
1424,橘黄,0,20170616
1425,亮橘,0,20170616
1426,紫粉,0,20170616
1427,金色柳丁,0,20170616
1428,银色柳丁,0,20170616
1429,香芋色,0,20170616
1430,亚麻橙,0,20170616
1431,红条纹,0,20170616
1432,米色,0,20170616
1433,白黑,0,20170616
1434,黑金,0,20170616
1435,铜,0,20170616
1436,1,0,20170616
1437,2,0,20170616
1438,3,0,20170616
1439,4,0,20170616
1440,5,0,20170616
1441,6,0,20170616
1442,7,0,20170616
1443,8,0,20170616
1444,9,0,20170616
1445,枚红色,0,20170616
1446,红格,0,20170616
1447,8件,0,20170616
1448,6件,0,20170616
1449,5件,0,20170616
1450,3件,0,20170616
1451,4件,0,20170616
1452,浅卡其,0,20170616
1453,条纹白色,0,20170616
1454,虎头,0,20170616
1455,黑色彩虹,0,20170616
1456,棕色彩虹,0,20170616
1457,大眼睛黑色,0,20170616
1458,红色大眼睛,0,20170616
1459,条纹黑色,0,20170616
1460,字母蓝色,0,20170616
1461,纯色棕色笑脸,0,20170616
1462,字母银色,0,20170616
1463,金黄色,0,20170616
1464,纯色黑色笑脸,0,20170616
1465,黄条纹,0,20170616
1466,粗纹黑,0,20170616
1467,平纹黑,0,20170616
1468,黑银,0,20170616
1469,紫兰,0,20170616
1470,雪花,0,20170616
1471,米黄,0,20170616
1472,白拼黑,0,20170616
1473,黑拼绿,0,20170616
1474,白拼灰,0,20170616
1475,紫灰,0,20170616
1476,白衣黑裤,0,20170616
1477,蓝衣白裤,0,20170616
1478,藕粉,0,20170616
1479,白底黑星,0,20170616
1480,白底金星,0,20170616
1481,镭色,0,20170616
1482,粉蓝,0,20170616
1483,粉白,0,20170616
1484,黑灰,0,20170616
1485,酒红拼咖啡,0,20170616
1486,蓝白,0,20170616
1487,迷彩,0,20170616
1488,小怪兽大号,0,20170616
1489,小怪兽小号,0,20170616
1490,3CE小号,0,20170616
1491,3CE大号,0,20170616
1492,红拼粉,0,20170616
1493,黑拼红,0,20170616
1494,黑拼黄,0,20170616
1495,黄红条,0,20170616
1496,桃心,0,20170616
1497,棕色流苏,0,20170616
1498,黑色流苏,0,20170616
1499,耳环,0,20170616
1500,耳夹,0,20170616
1501,皮粉,0,20170616
1502,灰咖色,0,20170616
1503,灰紫,0,20170616
1504,淡黄,0,20170616
1505,黑色 四方脸,0,20170616
1506,白色 四叶草,0,20170616
1507,白色 牛奶瓶,0,20170616
1508,白色 可乐瓶,0,20170616
1509,灰色可乐瓶,0,20170616
1510,黑色 玫瑰花,0,20170616
1511,黑色 仙人掌,0,20170616
1512,绿色 西装,0,20170616
1513,白色 吐舌头,0,20170616
1514,白色 小女孩,0,20170616
1515,黑色 老头,0,20170616
1516,绿色 眼镜老头,0,20170616
1517,白色 红心,0,20170616
1518,橄榄绿,0,20170616
1519,婴儿蓝,0,20170616
1520,燕麦,0,20170616
1521,黑塔,0,20170616
1522,黑铁塔,0,20170616
1523,蓝铁塔,0,20170616
1524,绿铁塔,0,20170616
1525,黑手指,0,20170616
1526,白手指,0,20170616
1527,米黄手指,0,20170616
1528,白色数字5,0,20170616
1529,米黄数字5,0,20170616
1530,黑色数字5,0,20170616
1531,黑色奶瓶,0,20170616
1532,白色奶瓶,0,20170616
1533,蓝色奶瓶,0,20170616
1534,米黄色奶瓶,0,20170616
1535,黑色NIC,0,20170616
1536,红色NIC,0,20170616
1537,深蓝色NIC,0,20170616
1538,红色双人,0,20170616
1539,绿色双人,0,20170616
1540,黑色双人,0,20170616
1541,碎花,0,20170616
1542,玫瑰花,0,20170616
1543,踩脚黑色,0,20170616
1544,踩脚白色,0,20170616
1545,踩脚蓝色,0,20170616
1546,踩脚绿色,0,20170616
1547,连袜绿色,0,20170616
1548,连袜黑色,0,20170616
1549,连袜白色,0,20170616
1550,连袜蓝色,0,20170616
1551,彩色,0,20170616
1552,深肉粉,0,20170616
1553,烟绿色,0,20170616
1554,罗兰紫,0,20170616
1555,姜黄色,0,20170616
1556,嫣红色,0,20170616
1557,紫灰色,0,20170616
1558,玉色,0,20170616
1559,橡皮红,0,20170616
1560,豆沙粉,0,20170616
1561,浅杏,0,20170616
1562,胭脂红,0,20170616
1563,复古蓝,0,20170616
1564,星空,0,20170616
1565,花朵,0,20170616
1566,撞色,0,20170616
1567,横条黄,0,20170616
1568,横条橘,0,20170616
1569,横条绿,0,20170616
1570,横条浅蓝,0,20170616
1571,灰配蓝,0,20170616
1572,黑配杏,0,20170616
1573,杏配蓝,0,20170616
1574,灰配白,0,20170616
1575,GD,0,20170616
1576,杏色条纹,0,20170616
1577,黑白印花,0,20170616
1578,彩色印花,0,20170616
1579,灰拼蓝,0,20170616
1580,杏拼蓝,0,20170616
1581,灰拼白,0,20170616
1582,彩兰,0,20170616
1583,铜色,0,20170616
1584,褐色,0,20170616
1585,孔雀蓝,0,20170616
1586,黄棕,0,20170616
1587,REX字母,0,20170616
1588,ROY字母,0,20170616
1589,复古红,0,20170616
1590,紫条,0,20170616
1591,橘拼蓝,0,20170616
1592,蓝拼红,0,20170616
1593,蓝迷彩,0,20170616
1594,绿迷彩,0,20170616
1595,红格子,0,20170616
1596,千鸟格,0,20170616
1597,蓝橙拼色,0,20170616
1598,天蓝酒红拼色,0,20170616
1599,靛蓝,0,20170616
1600,褐色条纹,0,20170616
1601,棕色条纹,0,20170616
1602,全黑,0,20170616
1603,玫瑰,0,20170616
1604,抹茶,0,20170616
1605,薰衣草,0,20170616
1606,羊奶,0,20170616
1607,竹炭,0,20170616
1608,灰色条纹,0,20170616
1609,牛奶,0,20170616
1610,柠檬,0,20170616
1611,哈密瓜,0,20170616
1612,浅天蓝,0,20170616
1613,浅湖蓝,0,20170616
1614,黑框蓝反光,0,20170616
1615,金框白反光,0,20170616
1616,金框灰片,0,20170616
1617,金框土豪金,0,20170616
1618,银框白反光,0,20170616
1619,银框灰片,0,20170616
1620,玳瑁色,0,20170616
1621,茶色,0,20170616
1622,玻璃花,0,20170616
1623,钻红,0,20170616
1624,中国红,0,20170616
1625,白金色,0,20170616
1626,玫瑰i金色,0,20170616
1627,玫瑰金色,0,20170616
1628,中灰,0,20170616
1629,豆沙紫,0,20170616
1630,白色蓝边,0,20170616
1631,白色黑边,0,20170616
1632,白色十字架,0,20170616
1633,黑色十字架,0,20170616
1634,灰色十字架,0,20170616
1635,杀手黑,0,20170616
1636,杀手白,0,20170616
1637,杀手灰,0,20170616
1638,白色剪刀,0,20170616
1639,灰色布,0,20170616
1640,黑色石头,0,20170616
1641,红字母,0,20170616
1642,男款 藏蓝,0,20170616
1643,男款 浅灰,0,20170616
1644,男款 白色,0,20170616
1645,男款 深灰,0,20170616
1646,男款 黑色,0,20170616
1647,女款 黑色,0,20170616
1648,女款 白色,0,20170616
1649,女款 藏蓝,0,20170616
1650,女款 浅灰,0,20170616
1651,女款 深灰,0,20170616
1652,黑条 红扣,0,20170616
1653,黑条 红口,0,20170616
1654,墨绿条酒红口,0,20170616
1655,淡蓝条玫红口口,0,20170616
1656,白条纹淡绿,0,20170616
1657,白条纹紫色,0,20170616
1658,橙条纹 深绿口,0,20170616
1659,白条纹 卡其,0,20170616
1660,蓝条玫红口,0,20170616
1661,蓝拼杏,0,20170616
1662,粉拼灰,0,20170616
1663,蓝拼绿,0,20170616
1664,粉拼蓝,0,20170616
1665,黑拼橘,0,20170616
1666,橘拼黑,0,20170616
1667,碳灰,0,20170616
1668,灰白条,0,20170616
1669,大红拼玫红,0,20170616
1670,绿色拼粉红,0,20170616
1671,灰杏色,0,20170616
1672,花黑,0,20170616
1673,花灰,0,20170616
1674,花蓝,0,20170616
1675,暗红,0,20170616
1676,绣红,0,20170616
1677,蓝色条,0,20170616
1678,绿条纹,0,20170616
1679,红咖,0,20170616
1680,浅灰紫,0,20170616
1681,深灰紫,0,20170616
1682,混色装,0,20170616
1683,波浪纹,0,20170616
1684,几何纹,0,20170616
1685,绿拼杏,0,20170616
1686,浅咖色,0,20170616
1687,棕红,0,20170616
1688,蓝格仔 ,0,20170616
1689,灰迷彩,0,20170616
1690,黑衣灰裙,0,20170616
1691,白衣黑裙,0,20170616
1692,藕粉色,0,20170616
1693,铁锈红,0,20170616
1694,卡其老花,0,20170616
1695,黑色老花,0,20170616
1696,奶牛,0,20170616
1697,深棕,0,20170616
1698,锈红,0,20170616
1699,黑米,0,20170616
1700,皮粉紫,0,20170616
1701,藏青红,0,20170616
1702,枣红灰,0,20170616
1703,淡绿灰,0,20170616
1704,藏青黄,0,20170616
1705,藏青粉,0,20170616
1706,红米,0,20170616
1707,接近灰的蓝绿色,0,20170616
1708,黑红粉,0,20170616
1709,黑红绿,0,20170616
1710,青,0,20170616
1711,玫紫,0,20170616
1712,接近卡其的杏色,0,20170616
1713,最深的是豆沙色,0,20170616
1714,皮紫,0,20170616
1715,淡绿,0,20170616
1716,蓝色边,0,20170616
1717,红色边,0,20170616
1718,小飞机,0,20170616
1719,小飞机（单色）,0,20170616
1720,红拼蓝,0,20170616
1721,灰拼绿,0,20170616
1722,卡其灰,0,20170616
1723,灰拼黄,0,20170616
1724,灰拼红,0,20170616
1725,藏青拼玫红,0,20170616
1726,紫拼灰,0,20170616
1727,灰拼粉,0,20170616
1728,宝蓝拼深灰,0,20170616
1729,卡其拼紫红,0,20170616
1730,湖蓝,0,20170616
1731,苹果绿,0,20170616
1732,藏青紫,0,20170616
1733,灰衣黑裙,0,20170616
1734,黑衣绿裙,0,20170616
1735,接近深灰的绿,0,20170616
1736,深卡,0,20170616
1737,浅灰兰,0,20170616
1738,暗枣红,0,20170616
1739,绿格,0,20170616
1740,黄格,0,20170616
1741,芋泥紫,0,20170616
1742,浅蓝格,0,20170616
1743,深蓝格,0,20170616
1744,白拼绿,0,20170616
1745,酒黑,0,20170616
1746,蓝底绿纹,0,20170616
1747,蓝底绿纹纹,0,20170616
1748,黑色 薄款,0,20170616
1749,黑条白底,0,20170616
1750,白条黑底,0,20170616
1751,砂灰绿,0,20170616
1752,韩风紫,0,20170616
1753,烟雨紫,0,20170616
1754,亮蓝条,0,20170616
1755,灰蓝条,0,20170616
1756,小麦色,0,20170616
1757,哑光色,0,20170616
1758,酒红拼蓝,0,20170616
1759,黑拼杏,0,20170616
1760,正身黑色,0,20170616
1761,正身咖色,0,20170616
1762,深紫灰,0,20170616
1763,踩脚 肤色,0,20170616
1764,踩脚 黑色,0,20170616
1765,连袜 肤色,0,20170616
1766,深墨绿,0,20170616
1767,23,0,20170616
1768,80,0,20170616
1769,37,0,20170616
1770,2,0,20170616
1771,56,0,20170616
1772,杏灰,0,20170616
1773,粉色条纹,0,20170616
1774,橘色条纹,0,20170616
1775,红色条纹,0,20170616
1776,灰底白点,0,20170616
1777,白底粉点,0,20170616
1778,粉底灰点,0,20170616
1779,红边,0,20170616
1780,蓝边,0,20170616
1781,波点,0,20170616
1782,咖咖色拼黑,0,20170616
1783,咖色拼黑,0,20170616
1784,蓝色拼黑,0,20170616
1785,10,0,20170616
1786,黄拼深灰,0,20170616
1787,红拼深灰,0,20170616
1788,玫红拼深蓝,0,20170616
1789,浅灰拼酒红,0,20170616
1790,黑拼大红,0,20170616
1791,上黑下白,0,20170616
1792,上白下黑,0,20170616
1793,羽毛花,0,20170616
1794,黑底白格,0,20170616
1795,白底黑格,0,20170616
1796,浅草绿色,0,20170616
1797,咖拼蓝,0,20170616
1798,白拼蓝,0,20170616
1799,蓝拼黄,0,20170616
1800,咖拼白,0,20170616
1801,棕灰,0,20170616
1802,黄蓝条,0,20170616
1803,橙红,0,20170616
1804,偏卡其的杏色,0,20170616
1805,米灰,0,20170616
1806,黑拼灰,0,20170616
1807,灰紫色,0,20170616
1808,净版,0,20170616
1809,净色卡色,0,20170616
1810,净色蓝色,0,20170616
1811,净色黑色,0,20170616
1812,肯德基儿科,0,20170616
1813,白粉,0,20170616
1814,石榴红,0,20170616
1815,松石绿,0,20170616
1816,绿灰,0,20170616
1817,宝兰,0,20170616
1818,灰兰,0,20170616
1819,红紫,0,20170616
1820,浅灰色,0,20170616
1821,豆绿色,0,20170616
1822,蓝红,0,20170616
1823,蓝灰条,0,20170616
1824,咖蓝条,0,20170616
1825,咖紫,0,20170616
1826,焦糖,0,20170616
1827,雪松红,0,20170616
1828,深色,0,20170616
1829,泥子,0,20170616
1830,泥紫,0,20170616
1831,黑灰渐变,0,20170616
1832,浅色,0,20170616
1833,卡格,0,20170616
1834,太空灰,0,20170616
1835,黑拼棕色,0,20170616
1836,黑丝绒,0,20170616
1837,蓝丝绒,0,20170616
1838,黑光面,0,20170616
1839,深卡其,0,20170616
1840,军灰,0,20170616
1841,红黑条纹,0,20170616
1842,黄黑,0,20170616
1843,浅粉紫,0,20170616
1844,暗粉,0,20170616
1845,粉黑条,0,20170616
1846,卡,0,20170616
1847,海蓝,0,20170616
1848,藕色,0,20170616
1849,红黑,0,20170616
1850,杏橙,0,20170616
1851,杏红,0,20170616
1852,桃红,0,20170616
1853,黑绿,0,20170616
1854,亮黄,0,20170616
1855,灰黑色,0,20170616
1856,浅卡,0,20170616
1857,藏蓝配条纹,0,20170616
1858,浅米,0,20170616
1859,灰配白色,0,20170616
1860,落霞红,0,20170616
1861,嫩绿,0,20170616
1862,黑米奇,0,20170616
1863,粉米奇,0,20170616
1864,黑兔,0,20170616
1865,白兔,0,20170616
1866,红棕,0,20170616
1867,淡粉,0,20170616
1868,黑咖,0,20170616
1869,棕黄,0,20170616
1870,土灰,0,20170616
1871,蓝黑色,0,20170616
1872,黑白格,0,20170616
1873,黑拼灰毛,0,20170616
1874,黑拼黑毛,0,20170616
1875,灰杏,0,20170616
1876,兰灰,0,20170616
1877,狐狸,0,20170616
1878,军绿黑毛,0,20170616
1879,军绿红毛,0,20170616
1880,浅灰灰毛,0,20170616
1881,雪牙,0,20170616
1882,黑色+黄色,0,20170616
1883,青色,0,20170616
1884,圆圈款,0,20170616
1885,一字款,0,20170616
1886,度真金,0,20170616
1887,大号珍珠,0,20170616
1888,中号珍珠,0,20170616
1889,小号珍珠,0,20170616
1890,2个一套,0,20170616
1891,花灰色,0,20170616
1892,宝蓝色,0,20170616
1893,蝴蝶结红色,0,20170616
1894,蝴蝶结肤色,0,20170616
1895,印花肤色,0,20170616
1896,印花黑色,0,20170616
1897,印花玫红色,0,20170616
1898,杏白色,0,20170616
1899,黑拼灰领,0,20170616
1900,黑拼黑领,0,20170616
1901,黑拼白领,0,20170616
1902,绿拼白领,0,20170616
1903,绿拼黑领,0,20170616
1904,绿拼灰领,0,20170616
1905,黑拼粉毛,0,20170616
1906,绿拼白毛,0,20170616
1907,绿拼粉毛,0,20170616
1908,黑黄,0,20170616
1909,橘灰,0,20170616
1910,藏青拼红,0,20170616
1911,蓝色拼橙,0,20170616
1912,格子灰,0,20170616
1913,沙色,0,20170616
1914,咖黄,0,20170616
1915,黑拼咖,0,20170616
1916,灰绿色,0,20170616
1917,枣红色,0,20170616
1918,粉紫拼色,0,20170616
1919,绿棕拼色,0,20170616
1920,瓜红,0,20170616
1921,油棕绿,0,20170616
1922,罗蓝,0,20170616
1923,卡杏,0,20170616
1924,芥末绿,0,20170616
1925,黑毛领,0,20170616
1926,白毛领,0,20170616
1927,黑拼黄毛,0,20170616
1928,黑拼白毛,0,20170616
1929,白拼杏毛,0,20170616
1930,白拼白毛,0,20170616
1931,蓝拼杏毛,0,20170616
1932,蓝拼黄毛,0,20170616
1933,白拼橙毛,0,20170616
1934,橙拼杏毛,0,20170616
1935,军咖色,0,20170616
1936,雾蓝色,0,20170616
1937,绿拼黄,0,20170616
1938,红拼杏,0,20170616
1939,黑拼蓝,0,20170616
1940,粉毛,0,20170616
1941,黄毛,0,20170616
1942,棕毛,0,20170616
1943,麻黑,0,20170616
1944,麻灰,0,20170616
1945,黑灰拼接,0,20170616
1946,彩绿,0,20170616
1947,珍珠球,0,20170616
1948,透明球,0,20170616
1949,耳洞,0,20170616
1950,红色（扣子),0,20170616
1951,白色（扣子),0,20170616
1952,四个一套,0,20170616
1953,耳勾,0,20170616
1954,充电式,0,20170616
1955,直插式,0,20170616
1956,星点,0,20170616
1957,黑拼卡其,0,20170616
1958,白底黑心,0,20170616
1959,白底红心,0,20170616
1960,绿卡,0,20170616
1961,抢色,0,20170616
1962,枪色,0,20170616
1963,淡蓝,0,20170616
1964,灰千鸟格,0,20170616
1965,黄绿色,0,20170616
1966,兰咖,0,20170616
1967,绿杏,0,20170616
1968,褐粉,0,20170616
1969,绿黑条,0,20170616
1970,卡色,0,20170616
1971,12色,0,20170616
1972,抹茶绿,0,20170616
1973,黑粗条,0,20170616
1974,黑石头纹,0,20170616
1975,咖啡石头纹,0,20170616
1976,黑蛇纹,0,20170616
1977,咖啡蛇纹,0,20170616
1978,泥子色,0,20170616
1979,木绿,0,20170616
1980,粉拼绿,0,20170616
1981,拼色,0,20170616
1982,格子浅灰,0,20170616
1983,格子深灰,0,20170616
1984,有内衬黑色,0,20170616
1985,有内衬黄色,0,20170616
1986,有内衬绿色,0,20170616
1987,单层无内衬绿色,0,20170616
1988,单层无内衬黑色,0,20170616
1989,黄配白,0,20170616
1990,绿配咖,0,20170616
1991,藕紫,0,20170616
1992,白毛,0,20170616
1993,卡其格子,0,20170616
1994,蓝色格子,0,20170616
1995,绿色格子,0,20170616
1996,紫红色,0,20170616
1997,亮红,0,20170616
1998,米拼灰,0,20170616
1999,藏青拼米,0,20170616
2000,主图款,0,20170616
2001,真白金,0,20170616
2002,真香槟金,0,20170616
2003,水晶,0,20170616
2004,玻璃,0,20170616
2005,淡紫色,0,20170616
2006,合金耳环,0,20170616
2007,合金耳环一对,0,20170616
2008,一对,0,20170616
2009,金色笑脸,0,20170616
2010,粉拼黑,0,20170616
2011,黑拼棕,0,20170616
2012,红白,0,20170616
2013,暗蓝,0,20170616
2014,蓝桔条,0,20170616
2015,暗绿,0,20170616
2016,黑拼粉领,0,20170616
2017,白拼杏领,0,20170616
2018,浅蓝拼粉领,0,20170616
2019,绿拼绿领,0,20170616
2020,蓝（粉毛）,0,20170616
2021,绿（白毛）,0,20170616
2022,白（白毛）,0,20170616
2023,白（粉毛）,0,20170616
2024,黑（黑毛）,0,20170616
2025,花纹,0,20170616
2026,黑【黑【绒】,0,20170616
2027,黑【黑【黄绒】,0,20170616
2028,黑【黑绒】,0,20170616
2029,黑【黄绒】,0,20170616
2030,咖白,0,20170616
2031,酱红,0,20170616
2032,耗子灰,0,20170616
2033,卡其色,8,20170616
2034,橙粉,0,20170616
2035,深灰格,0,20170616
2036,浅灰格,0,20170616
2037,棕色小熊,0,20170616
2038,白色小兔,0,20170616
2039,黄色小鸭,0,20170616
2040,斑马,0,20170616
2041,黑格6s,0,20170616
2042,黑格7s,0,20170616
2043,驼黄,0,20170616
2044,米杏,0,20170616
2045,绿/蓝,0,20170616
2046,灰/黑,0,20170616
2047,黄拼棕,0,20170616
2048,黄拼蓝,0,20170616
2049,白拼粉毛领,0,20170616
2050,黑拼粉毛领,0,20170616
2051,粉拼灰毛领,0,20170616
2052,黄棕色,0,20170616
2053,藏蓝拼橙色,0,20170616
2054,米色拼棕色,0,20170616
2055,蓝绿拼深灰色,0,20170616
2056,6002踩脚款,0,20170616
2057,6001连袜款,0,20170616
2058,奶白,0,20170616
2059,格子色,0,20170616
2060,白色66,0,20170616
2061,蓝色99,0,20170616
2062,白色TOK UY,0,20170616
2063,橘色格子,0,20170616
2064,绿蓝格子,0,20170616
2065,黄色格子,0,20170616
2066,粉色格子,0,20170616
2067,米绿格子,0,20170616
2068,绣红灰格子,0,20170616
2069,女款,0,20170616
2070,男款,0,20170616
2071,虾色,0,20170616
2072,巧克力,0,20170616
2073,ｂａｂｙ粉,0,20170616
2074,蓝底拼格子,0,20170616
2075,杏底拼格子,0,20170616
2076,图片色,0,20170616
2077,豆沙色,0,20170616
2078,粉毛领,0,20170616
2079,黑毛,0,20170616
2080,白灰条纹,0,20170616
2081,粉蓝条纹,0,20170616
2082,杏边,0,20170616
2083,蓝毛领,0,20170616
2084,卡其格纹,0,20170616
2085,土豪金,0,20170616
2086,灰卡,0,20170616
2087,柠檬绿,0,20170616
2088,蓝拼蓝领,0,20170616
2089,灰拼粉领,0,20170616
2090,绿拼橘领,0,20170616
2091,深红,0,20170616
2092,粉卡,0,20170616
2093,卡配白衬衫,0,20170616
2094,蓝配蓝,0,20170616
2095,196内加黄金绒,0,20170616
2096,193内加黑色绒,0,20170616
2097,196-1内加黑色绒,0,20170616
2098,深蓝配灰,0,20170616
2099,红咖色,0,20170616
2100,白色毛领白内胆,0,20170616
2101,桔色毛领彩内胆,0,20170616
2102,橙黄,0,20170616
2103,淡蓝色,0,20170616
2104,咖红,0,20170616
2105,蓝色长款,0,20170616
2106,玫红短款,0,20170616
2107,红色眼睛,0,20170616
2108,红色小鸭,0,20170616
2109,笑脸手套,0,20170616
2110,蓝色大毛球,0,20170616
2111,粉藏青,0,20170616
2112,黄藏青,0,20170616
2113,红黑米拼,0,20170616
2114,黑米拼,0,20170616
2115,钻石蓝,0,20170616
2116,钻石红,0,20170616
2117,橘黑米拼,0,20170616
2118,黑壳粉领,0,20170616
2119,绿壳粉领,0,20170616
2120,绿壳貉子毛领彩色内胆,0,20170616
2121,白底黄条,0,20170616
2122,黄金,0,20170616
2123,卡绿,0,20170616
2124,蓝卡,0,20170616
2125,黑杏,0,20170616
2126,白毛加灰毛,0,20170616
2127,粉毛加粉毛,0,20170616
2128,白彩,0,20170616
2129,焦条,0,20170616
2130,棕绿,0,20170616
2131,黑纹理,0,20170616
2132,黑配灰,0,20170616
2133,米拼黑,0,20170616
2134,蓝衬衫+白背心,0,20170616
2135,蓝衬衫+黑背心,0,20170616
2136,墨绿衬衫+白背心,0,20170616
2137,墨绿衬衫+黑背心,0,20170616
2138,黄驼,0,20170616
2139,红驼,0,20170616
2140,草灰,0,20170616
2141,浅砖红,0,20170616
2142,虾米粉,0,20170616
2143,黑粉条,0,20170616
2144,蓝黑条,0,20170616
2145,灰黑,0,20170616
2146,虾红,0,20170616
2147,袖子卡拼绿,0,20170616
2148,袖子蓝拼红,0,20170616
2149,黑衣身绿字,0,20170616
2150,黑衣身黄字母,0,20170616
2151,黑衣身红字母,0,20170616
2152,灰衣身红字母,0,20170616
2153,灰衣身绿字母,0,20170616
2154,灰衣身黄字母,0,20170616
2155,枣红黑,0,20170616
2156,藏青米,0,20170616
2157,皮粉深灰,0,20170616
2158,藏青灰,0,20170616
2159,深灰色,0,20170616
2160,白驼,0,20170616
2161,深驼,0,20170616
2162,咖粉,0,20170616
2163,红配黑,0,20170616
2164,粉拼粉毛领,0,20170616
2165,绿拼绿毛领,0,20170616
2166,红拼黑毛领,0,20170616
2167,奶黄,0,20170616
2168,迷彩黑,0,20170616
2169,红拼白毛领,0,20170616
2170,蓝拼粉蓝领,0,20170616
2171,拼粉领,0,20170616
2172,黑底金边,0,20170616
2173,杏格,0,20170616
2174,驼红,0,20170616
2175,卡绿色,0,20170616
2176,黑拼杏毛,0,20170616
2177,升级版面膜超柔,0,20170616
2178,袜裤,0,20170616
2179,玫红色,0,20170616
2180,亮皮,0,20170616
2181,哑光皮,0,20170616
2182,灰粉,0,20170616
2183,紫玫,0,20170616
2184,紫罗兰,0,20170616
2185,血牙,0,20170616
2186,黄拼黑,0,20170616
2187,蓝拼紫,0,20170616
2188,猫咪,0,20170616
2189,净色,0,20170616
2190,两道杠,0,20170616
2191,波浪边,0,20170616
2192,镂空圆形,0,20170616
2193,车厘子色,0,20170616
2194,黑绿格,0,20170616
2195,藕粉拼橘,0,20170616
2196,藕粉拼白,0,20170616
2197,黑粉,0,20170616
2198,粉拼卡其,0,20170616
2199,浅蓝拼浅粉,0,20170616
2200,灰拼灰毛领,0,20170616
2201,绿拼粉毛领,0,20170616
2202,加厚踩脚,0,20170616
2203,加厚连脚,0,20170616
2204,柔橘,0,20170616
2205,浅棕,0,20170616
2206,男士黑色,0,20170616
2207,女士粉色,0,20170616
2208,白拼灰毛,0,20170616
2209,粉拼白毛,0,20170616
2210,嫩黄,0,20170616
2211,灰拼灰毛,0,20170616
2212,灰绿拼黑,0,20170616
2213,灰绿拼黑毛,0,20170616
2214,黑灰条,0,20170616
2215,桔红色,0,20170616
2216,橘绿,0,20170616
2217,蓝银,0,20170616
2218,蓝底银,0,20170616
2219,黑底金,0,20170616
2220,图片色深灰,0,20170616
2221,浅蓝配粉毛,0,20170616
2222,深蓝配白毛,0,20170616
2223,深蓝配绿毛,0,20170616
2224,藏蓝拼粉,0,20170616
2225,藏蓝面，底粉色,0,20170616
2226,灰色面，底粉色,0,20170616
2227,枫叶红,0,20170616
2228,油画绿,0,20170616
2229,粉驼色,0,20170616
2230,水粉色,0,20170616
2231,水蓝色,0,20170616
2232,淡黄色,0,20170616
2233,锦纶超柔,0,20170616
2234,全灰,0,20170616
2235,七彩黑,0,20170616
2236,湖绿,0,20170616
2237,绿拼白,0,20170616
2238,黑拼粉,0,20170616
2239,绿毛,0,20170616
2240,深咖色,0,20170616
2241,兔子,0,20170616
2242,小鸭,0,20170616
2243,小熊,0,20170616
2244,粉女,0,20170616
2245,女粉,0,20170616
2246,女 粉,0,20170616
2247,男 黑,0,20170616
2248,女款 粉色,0,20170616
2249,绿拼灰毛,0,20170616
2250,绿拼绿毛,0,20170616
2251,黑白条纹,0,20170616
2252,男款黑色毛领,0,20170616
2253,女款粉色毛领,0,20170616
2254,男童黑领,0,20170616
2255,女童黑领,0,20170616
2256,女童粉领,0,20170616
2257,朱红,0,20170616
2258,米卡其,0,20170616
2259,圣诞红,0,20170616
2260,黑底配金片,0,20170616
2261,黑底配银片,0,20170616
2262,黑色白字,0,20170616
2263,黑色金字,0,20170616
2264,灰色黑字,0,20170616
2265,灰色白字,0,20170616
2266,纯白,0,20170616
2267,白混黑毛,0,20170616
2268,黑鸟,0,20170616
2269,米白鸟,0,20170616
2270,黑山水,0,20170616
2271,粉山水,0,20170616
2272,风情绿,0,20170616
2273,黑迷彩,0,20170616
2274,力,0,20170616
2275,克,0,20170616
2276,兰色,0,20170616
2277,浅粉色,0,20170616
2278,米咖啡色,0,20170616
2279,亮黄色,0,20170616
2280,深杏,0,20170616
2281,米白色,0,20170616
2282,米卡,0,20170616
2283,孔绿,0,20170616
2284,香槟粉,0,20170616
2285,牛仔蓝配白毛,0,20170616
2286,牛仔蓝配粉毛,0,20170616
2287,牛仔蓝配灰毛,0,20170616
2288,灰裙黑衣,0,20170616
2289,黑裙黑衣,0,20170616
2290,燕麦色,0,20170616
2291,雪花鹿耳,0,20170616
2292,圣诞树,0,20170616
2293,咖啡鹿耳,0,20170616
2294,猫耳,0,20170616
2295,小飞鹿,0,20170616
2296,铃铛红鹿耳,0,20170616
2297,圣诞老人,0,20170616
2298,小鹿,0,20170616
2299,绿花,0,20170616
2300,紫花,0,20170616
2301,藏青条纹,0,20170616
2302,香芋紫格子,0,20170616
2303,黄黑拼色,0,20170616
2304,红色O,0,20170616
2305,红色H,0,20170616
2306,公,0,20170616
2307,母,0,20170616
2308,绿色小帽,0,20170616
2309,桃粉,0,20170616
2310,水泥灰,0,20170616
2311,米蓝色,0,20170616
2312,灰分色,0,20170616
2313,驼绿色,0,20170616
2314,豆绿偏深,0,20170616
2315,粉拼白,0,20170616
2316,白粗条,0,20170616
2317,灰粗条,0,20170616
2318,粉米,0,20170616
2319,暗红色,0,20170616
2320,皮粉色,0,20170616
2321,黑色豹纹,0,20170616
2322,卡其色豹纹,0,20170616
2323,火焰,0,20170616
2324,星星,0,20170616
2325,心跳,0,20170616
2326,全咖,0,20170616
2327,黑拼咖色,0,20170616
2328,大红色,0,20170616
2329,浅灰蓝,0,20170616
2330,浅紫色,0,20170616
2331,蓝（白毛）,0,20170616
2332,红棕色,0,20170616
2333,烟青,0,20170616
2334,灰黑格,0,20170616
2335,果绿色,0,20170616
2336,彩色条纹,0,20170616
2337,藏青花,0,20170616
2338,树叶花,0,20170616
2339,军绿小碎花,0,20170616
2340,黑白纹,0,20170616
2341,米粉色,0,20170616
2342,图片红,0,20170616
2343,图片灰,0,20170616
2344,外黑内黑,0,20170616
2345,外灰内蓝,0,20170616
2346,黑T+白底,0,20170616
2347,白T+白底,0,20170616
2348,白T+灰底,0,20170616
2349,朱红色,0,20170616
2350,奶白色,0,20170616
2351,杏星星,0,20170616
2352,白星星,0,20170616
2353,黑波点,0,20170616
2354,白波点,0,20170616
2355,灰配粉毛领,0,20170616
2356,巧克力色,0,20170616
2357,绿蓝,0,20170616
2358,灰拼条纹,0,20170616
2359,黑拼条纹,0,20170616
2360,蓝紫,0,20170616
2361,黑拼红色,0,20170616
2362,黄碎花,0,20170616
2363,蓝碎花,0,20170616
2364,花杏,0,20170616
2365,蓝猫,0,20170616
2366,咖猫,0,20170616
2367,黑色毛,0,20170616
2368,花灰毛,0,20170616
2369,浅灰毛,0,20170616
2370,卡其拼杏,0,20170616
2371,蓝拼酒红,0,20170616
2372,粉拼浅绿,0,20170616
2373,红拼咖,0,20170616
2374,金灰色,0,20170616
2375,银蓝色,0,20170616
2376,亮粉,0,20170616
2377,黑配黑色毛,0,20170616
2378,黑配灰色毛,0,20170616
2379,红配灰色毛,0,20170616
2380,焦糖色,0,20170616
2381,黑吊带红打底,0,20170616
2382,黑吊带白打底,0,20170616
2383,卡吊带白打底,0,20170616
2384,卡吊带黑打底,0,20170616
2385,黑配卡其毛领,0,20170616
2386,蓝配杏色毛领,0,20170616
2387,黄拼灰,0,20170616
2388,咖拼黑,0,20170616
2389,咖绿,0,20170616
2390,网格,0,20170616
2391,虾粉色,0,20170616
2392,黑网格,0,20170616
2393,白网格,0,20170616
2394,咖配黑,0,20170616
2395,落叶黄,0,20170616
2396,蓝色条纹,0,20170616
2397,红拼绿,0,20170616
2398,酒红拼绿,0,20170616
2399,蓝拼灰,0,20170616
2400,紫配黑,0,20170616
2401,红配蓝,0,20170616
2402,米杏色,0,20170616
2403,白黑条纹,0,20170616
2404,蓝配杏毛,0,20170616
2405,牛仔蓝配杏毛,0,20170616
2406,红褐色,0,20170616
2407,浅蓝配杏毛,0,20170616
2408,咖啡金,0,20170616
2409,墨绿色,0,20170616
2410,黑网格-3769#,0,20170616
2411,白网格-3769#,0,20170616
2412,雪花-3773#,0,20170616
2413,波点-3772#,0,20170616
2414,星星-3771#,0,20170616
2415,橡色,0,20170616
2416,碎花花色,0,20170616
2417,孔雀羽毛花色,0,20170616
2418,孔雀花色,0,20170616
2419,白格子,0,20170616
2420,砖粉,0,20170616
2421,灰色毛领牛仔,0,20170616
2422,粉色毛领牛仔,0,20170616
2423,大格子,0,20170616
2424,小格子,0,20170616
2425,白底卡条,0,20170616
2426,白底黑爱心,0,20170616
2427,白底红爱心,0,20170616
2428,红色袖口,0,20170616
2429,黄色袖口,0,20170616
2430,一筒,0,20170616
2431,二筒,0,20170616
2432,三筒,0,20170616
2433,四筒,0,20170616
2434,五筒,0,20170616
2435,六筒,0,20170616
2436,深酒红色,0,20170616
2437,光滑面真皮,0,20170616
2438,全黑真皮,0,20170616
2439,蛇皮黑,0,20170616
2440,蛇皮咖,0,20170616
2441,黄卡,0,20170616
2442,红卡,0,20170616
2443,灰配粉,0,20170616
2444,黑灰配黑打底,0,20170616
2445,卡其配咖啡打底,0,20170616
2446,大点,0,20170616
2447,小点,0,20170616
2448,青灰色,0,20170616
2449,黑领白身,0,20170616
2450,白领黑身,0,20170616
2451,卡领白身,0,20170616
2452,白领卡身,0,20170616
2453,深豆绿,0,20170616
2454,黑底花,0,20170616
2455,墨绿花,0,20170616
2456,咖啡花,0,20170616
2457,乳白色,0,20170616
2458,蓝白条纹,0,20170616
2459,灰+白打底,0,20170616
2460,灰+黑打底,0,20170616
2461,驼粉色,0,20170616
2462,雅红色,0,20170616
2463,炭灰,0,20170616
2464,卡其绿,0,20170616
2465,灰配藏蓝,0,20170616
2466,白配杏,0,20170616
2467,咖配咖,0,20170616
2468,蓝拼粉,0,20170616
2469,黄拼白,0,20170616
2470,蓝配黑,0,20170616
2471,杏配咖,0,20170616
2472,黑马甲配白衬衣,0,20170616
2473,灰马甲配白衬衣,0,20170616
2474,蓝马甲配白衬衣,0,20170616
2475,蓝马甲配黑条纹衬衣,0,20170616
2476,灰马甲配黑条纹衬衣,0,20170616
2477,黑马甲配黑条纹衬衣,0,20170616
2478,灰底,0,20170616
2479,黑底,0,20170616
2480,方格,0,20170616
2481,叶子,0,20170616
2482,梅花,0,20170616
2483,黑花白底,0,20170616
2484,白花黑底,0,20170616
2485,黑花黑底,0,20170616
2486,方块花白底,0,20170616
2487,桃粉色,0,20170616
2488,肉粉色,0,20170616
2489,粉绿条,0,20170616
2490,藏蓝拼白色毛领,0,20170616
2491,藏蓝拼蓝色毛领,0,20170616
2492,军绿拼红色毛领,0,20170616
2493,军绿拼粉色毛领,0,20170616
2494,蓝色内胆,0,20170616
2495,粉色内胆,0,20170616
2496,拼蓝色,0,20170616
2497,拼绿色,0,20170616
2498,冷灰,0,20170616
2499,黑提,0,20170616
2500,淺卡其,0,20170616
2501,军綠色,0,20170616
2502,土黄色,0,20170616
2503,浅紫灰,0,20170616
2504,本白,0,20170616
2505,浅灰白色,0,20170616
2506,黑皮,0,20170616
2507,深桔色,0,20170616
2508,铃铛款,0,20170616
2509,花纹款,0,20170616
2510,小格灰,0,20170616
2511,小格黑,0,20170616
2512,大格灰,0,20170616
2513,大格蓝,0,20170616
2514,浅灰绿,0,20170616
2515,粉格,0,20170616
2516,灰红格,0,20170616
2517,碎花图案,0,20170616
2518,菱形图案,0,20170616
2519,菱格图案,0,20170616
2520,卡其马甲配衬衣,0,20170616
2521,卡其马甲配黑条纹衬衣,0,20170616
2522,三角形,0,20170616
2523,圆形,0,20170616
2524,杏色边,0,20170616
2525,粉色边,0,20170616
2526,净黑,0,20170616
2527,净黑色,0,20170616
2528,黑橘,0,20170616
2529,橙色毛领,0,20170616
2530,白色毛领,0,20170616
2531,粉色毛领,0,20170616
2532,黑色毛领,0,20170616
2533,咖花,0,20170616
2534,香槟橘,0,20170616
2535,净色断货慎拍,0,20170616
2536,黑灰色,0,20170616
2537,灰色配粉色毛领,0,20170616
2538,藕粉没货慎拍,0,20170616
2539,紫黄,0,20170616
2540,黑拼紫色,0,20170616
2541,绿拼粉色,0,20170616
2542,杏配米,0,20170616
2543,绿配白,0,20170616
2544,蓝披肩白衬衣,0,20170616
2545,白披肩蓝衬衣,0,20170616
2546,白披肩白衬衣,0,20170616
2547,芥黄,0,20170616
2548,豆红色,0,20170616
2549,蓝字母,0,20170616
2550,卡其格,0,20170616
2551,2件,0,20170616
2552,两件,0,20170616
2553,三件,0,20170616
2554,条纹图案,0,20170616
2555,菱格图案白色,0,20170616
2556,菱格图案黑色,0,20170616
2557,闪光黑,0,20170616
2558,抢红包,1,20170616
2559,美国旗,0,20170616
2560,猴子,0,20170616
2561,红点,0,20170616
2562,黑色猫咪,0,20170616
2563,灰色猫咪,0,20170616
2564,小狗,0,20170616
2565,金网,0,20170616
2566,银网,0,20170616
2567,铜金,0,20170616
2568,浅金,0,20170616
2569,黑网条,0,20170616
2570,树枝,0,20170616
2571,黑树枝,0,20170616
2572,白树枝,0,20170616
2573,喜欢,0,20170616
2574,小花黑,0,20170616
2575,大花卡其,0,20170616
2576,大花黑,0,20170616
2577,透明,0,20170616
2578,细蓝,0,20170616
2579,粗蓝,0,20170616
2580,杏拼橘,0,20170616
2581,蓝（粉）,0,20170616
2582,粉（蓝）,0,20170616
2583,深蓝（浅蓝）,0,20170616
2584,白（浅蓝）,0,20170616
2585,粉绿,0,20170616
2586,浅驼色,0,20170616
2587,中卡,0,20170616
2588,粉黑,0,20170616
2589,绿黑,0,20170616
2590,蓝格子,0,20170616
2591,蓝拼黑,0,20170616
2592,白边,0,20170616
2593,紫边,0,20170616
2594,咖条纹,0,20170616
2595,白【小花】,0,20170616
2596,粗蓝条,0,20170616
2597,浅粉条纹,0,20170616
2598,白桔,0,20170616
2599,鞋子,0,20170616
2600,鞋子图案,0,20170616
2601,兔子图案,0,20170616
2602,银白,0,20170616
2603,大花白,0,20170616
2604,金绿色,0,20170616
2605,蓝黄条,0,20170616
2606,黑袖白底,0,20170616
2607,黑袖灰底,0,20170616
2608,深灰袖灰底,0,20170616
2609,中网,0,20170616
2610,大网,0,20170616
2611,深蓝条纹,0,20170616
2612,浅蓝条纹,0,20170616
2613,亮绿色,0,20170616
2614,黑边,0,20170616
2615,卡色条纹,0,20170616
2616,杏色拼绿色,0,20170616
2617,黑色拼红色,0,20170616
2618,杏色波点,0,20170616
2619,白色波点,0,20170616
2620,黑色头,0,20170616
2621,白色头,0,20170616
2622,黄拼绿,0,20170616
2623,蝴蝶,0,20170616
2624,黑色印花,0,20170616
2625,黄色印花,0,20170616
2626,蝴蝶印花,0,20170616
2627,小网,0,20170616
2628,黑小网,0,20170616
2629,黑中网,0,20170616
2630,黑大网,0,20170616
2631,奶咖色,0,20170616
2632,珍珠白,0,20170616
2633,大象白,0,20170616
2634,大象灰,0,20170616
2635,啡色,0,20170616
2636,中杏,0,20170616
2637,浅黑色,0,20170616
2638,雾霾紫,0,20170616
2639,黑羽毛,0,20170616
2640,彩金,0,20170616
2641,金银,0,20170616
2642,白色花朵图,0,20170616
2643,白色铃铛图,0,20170616
2644,木青,0,20170616
2645,蓝配白,0,20170616
2646,绿配黑,0,20170616
2647,卡其配黑,0,20170616
2648,杏配白,0,20170616
2649,黑背心+白T,0,20170616
2650,白背心+黑T,0,20170616
2651,咖拼杏,0,20170616
2652,黄绿条,0,20170616
2653,黑格子,0,20170616
2654,大格套装,0,20170616
2655,梅花白,0,20170616
2656,梅花浅蓝,0,20170616
2657,茶花白,0,20170616
2658,茶花蓝,0,20170616
2659,黑底黄字,0,20170616
2660,黄边,1,20170616
2661,浅蓝拼黑,0,20170616
2662,黑拼蓝色,0,20170616
2663,白拼蓝色,0,20170616
2664,蓝拼蓝色,0,20170616
2665,黑领拼蓝色,0,20170616
2666,灰格子,0,20170616
2667,酒红条,0,20170616
2668,纯黑色,0,20170616
2669,白黑拼色,0,20170616
2670,灰黑拼色,0,20170616
2671,黑杏色,0,20170616
2672,杏灰色,0,20170616
2673,蓝点,0,20170616
2674,黄点,0,20170616
2675,珊瑚红色,0,20170616
2676,绣红色,0,20170616
2677,卡其拼条纹,0,20170616
2678,兰红小花,0,20170616
2679,兰黄小花,0,20170616
2680,柴色,0,20170616
2681,黑白色,0,20170616
2682,黄白,0,20170616
2683,亮灰色,0,20170616
2684,浅青色,0,20170616
2685,彩棕,0,20170616
2686,黑钻,0,20170616
2687,白钻,0,20170616
2688,黑棕,0,20170616
2689,棕杏,0,20170616
2690,浅杏色,0,20170616
2691,深杏色,0,20170616
2692,茶绿色,0,20170616
2693,白红边,0,20170616
2694,白绿边,0,20170616
2695,卡白色,0,20170616
2696,黑纹,0,20170616
2697,红白鸽子,0,20170616
2698,红城市景,0,20170616
2699,红孔雀女孩,0,20170616
2700,珍珠灰黑,0,20170616
2701,玫红拼杏,0,20170616
2702,橘色拼亚麻蓝,0,20170616
2703,棕色拼杏,0,20170616
2704,竖纹,0,20170616
2705,粉配白,0,20170616
2706,粉配黑,0,20170616
2707,黄配黑,0,20170616
2708,裸粉色,0,20170616
2709,20号杏色,0,20170616
2710,15号蓝色,0,20170616
2711,25号浅蓝色,0,20170616
2712,22号黑色,0,20170616
2713,2号蓝色,0,20170616
2714,3号咖色,0,20170616
2715,5号黑色,0,20170616
2716,9号绿色,0,20170616
2717,7号白色,0,20170616
2718,10号红色,0,20170616
2719,彩蓝色,0,20170616
2720,咖配杏,0,20170616
2721,优雅粉,0,20170616
2722,竖条纹,0,20170616
2723,红,0,20170616
2724,红灰条,0,20170616
2725,黑色裙套装,0,20170616
2726,绿色裙套装,0,20170616
2727,M码等于均码,0,20170616
2728,绿白条,0,20170616
2729,浅蓝配黄色皮带,0,20170616
2730,深蓝配白色皮带,0,20170616
2731,粉橘色,0,20170616
2732,银丝,0,20170616
2733,绿碎花,0,20170616
2734,黑红格,0,20170616
2735,拼白色,0,20170616
2736,拼红色,0,20170616
2737,咖格子,0,20170616
2738,杏黄色,0,20170616
2739,冰紫,0,20170616
2740,马卡龙,0,20170616
2741,迷情紫,0,20170616
2742,咖色配咖色,0,20170616
2743,黑色配白色,0,20170616
2744,杏配灰,0,20170616
2745,藏蓝配白,0,20170616
2746,灰配黑,0,20170616
2747,蓝色大花,0,20170616
2748,蓝色小花,0,20170616
2749,红色字母,0,20170616
2750,黑色字母,0,20170616
2751,杏花,0,20170616
2752,红帽,0,20170616
2753,蓝帽,0,20170616
2754,菠萝,0,20170616
2755,樱桃,0,20170616
2756,雪梨,0,20170616
2757,香蕉,0,20170616
2758,黑色上衣配银边裤子,0,20170616
2759,银色上衣配银边裤子,0,20170616
2760,金色上衣配银边裤子,0,20170616
2761,金色上衣配金边裤子,0,20170616
2762,克色,0,20170616
2763,藏蓝小花,0,20170616
2764,条纹领,0,20170616
2765,衣服：黑色,0,20170616
2766,衣服：绿色,0,20170616
2767,衣服：卡色,0,20170616
2768,衣服：粉色,0,20170616
2769,裙子：绿色,0,20170616
2770,裙子：卡色,0,20170616
2771,黑白边,0,20170616
2772,黑红边,0,20170616
2773,净白色,0,20170616
2774,净蓝色,0,20170616
2775,大花黄,0,20170616
2776,大花紫,0,20170616
2777,黄丝巾衬衫,0,20170616
2778,红丝巾衬衫,0,20170616
2779,橘棕,0,20170616
2780,黑碎花,0,20170616
2781,冰粉,0,20170616
2782,粉配绿,0,20170616
2783,黑银色,0,20170616
2784,黄格子,0,20170616
2785,蝴蝶花色,0,20170616
2786,白配蓝色,0,20170616
2787,蓝条纹配杏色,0,20170616
2788,绿紫,0,20170616
2789,黑T+黑运动裤,0,20170616
2790,白T+黑运动裤,0,20170616
2791,白T红字母+红运动裤,0,20170616
2792,大颗红色五角星,0,20170616
2793,小颗红色五角星,0,20170616
2794,金色五角星,0,20170616
2795,反光银,0,20170616
2796,字母,0,20170616
2797,星光,0,20170616
2798,五彩,0,20170616
2799,黄蝶,0,20170616
2800,黑底红珠片,0,20170616
2801,黑底黄珠片,0,20170616
2802,白底红珠片,0,20170616
2803,白底黄珠片,0,20170616
2804,白色眼睛,0,20170616
2805,黑金边,0,20170616
2806,琥珀色,0,20170616
2807,蓝茶,0,20170616
2808,茶蓝色,0,20170616
2809,紫绿色,0,20170616
2810,黑银边,0,20170616
2811,粉金边,0,20170616
2812,白身蓝帽,0,20170616
2813,黑身蓝帽,0,20170616
2814,白身灰帽,0,20170616
2815,黑身灰帽,0,20170616
2816,白身红帽,0,20170616
2817,黑身红帽,0,20170616
2818,白底蓝边,0,20170616
2819,白底红边,0,20170616
2820,闪杏,0,20170616
2821,闪紫,0,20170616
2822,金驼色,0,20170616
2823,外套+上衣,0,20170616
2824,芥绿,0,20170616
2825,白色套装（上衣+短裤+长裤）,0,20170616
2826,黑色套装（上衣+短裤+长裤）,0,20170616
2827,卡色套装（上衣+短裤+长裤）,0,20170616
2828,黄底粉化,0,20170616
2829,黄底粉花,0,20170616
2830,彩边,0,20170616
2831,玫红边,0,20170616
2832,白配白,0,20170616
2833,白黑边,0,20170616
2834,黄皮,0,20170616
2835,白皮,0,20170616
2836,红皮,0,20170616
2837,金钉,0,20170616
2838,白钉,0,20170616
2839,红老花,0,20170616
2840,白老花,0,20170616
2841,橘配杏,0,20170616
2842,金色黑色五金,0,20170616
2843,枚红色金色五金,0,20170616
2844,金色金色五金,0,20170616
2845,枚红色黑色五金,0,20170616
2846,大碎花,0,20170616
2847,黑+灰打底,0,20170616
2848,白+粉打底,0,20170616
2849,杏+绿打底,0,20170616
2850,白配黑T,0,20170616
2851,杏配白T,0,20170616
2852,黑配白T,0,20170616
2853,黑配银,0,20170616
2854,黑配金,0,20170616
2855,黑配绿,0,20170616
2856,黑配粉,0,20170616
2857,黑配蓝,0,20170616
2858,黑配紫,0,20170616
2859,白配银,0,20170616
2860,白配金,0,20170616
2861,白配绿,0,20170616
2862,白配粉,0,20170616
2863,白配蓝,0,20170616
2864,白配紫,0,20170616
2865,带亮片,0,20170616
2866,不带亮片,0,20170616
2867,黑杏条纹,0,20170616
2868,屁桃,0,20170616
2869,蓝底白点,0,20170616
2870,卡其底白点,0,20170616
2871,三角五星,0,20170616
2872,圆珠,0,20170616
2873,铁片珠,0,20170616
2874,五角星,0,20170616
2875,水银色,0,20170616
2876,蓝白格,0,20170616
2877,银框,0,20170616
2878,红深绿条,0,20170616
2879,白框粉,0,20170616
2880,黑卡,0,20170616
2881,灰红,0,20170616
2882,黑珠,0,20170616
2883,茶珠,0,20170616
2884,木纹,0,20170616
2885,小鸟黄花,0,20170616
2886,金鱼,0,20170616
2887,三朵花,0,20170616
2888,棕黄色,0,20170616
2889,小花深蓝,0,20170616
2890,小花浅蓝,0,20170616
2891,小花粉,0,20170616
2892,粗黑条,0,20170616
2893,细黑条,0,20170616
2894,米且白条,0,20170616
2895,粗白条,0,20170616
2896,彩黑,0,20170616
2897,黑灰粉,0,20170616
2898,黑灰白,0,20170616
2899,黑粉色,0,20170616
2900,绿配灰,0,20170616
2901,黑配红,0,20170616
2902,黑裙配白T,0,20170616
2903,白裙配卡T,0,20170616
2904,卡裙配黑T,0,20170616
2905,白裙配黑T,0,20170616
2906,黄花色,0,20170616
2907,古银,0,20170616
2908,宽条粉,0,20170616
2909,宽条黑,0,20170616
2910,黄T配背带裤套装,0,20170616
2911,白衣蓝字母,1,20170616
2912,白衣红字母,1,20170616
2913,黄衣白字母,1,20170616
2914,深红色,1,20170616
2915,浅红色,1,20170616
2916,金反,0,20170616
2917,黑反,0,20170616
2918,黄反,0,20170616
2919,绿反,0,20170616
2920,银反,0,20170616
2921,粉反,0,20170616
2922,薯灰色,1,20170616
2923,条纹黄袖子,0,20170616
2924,条纹红袖子,0,20170616
2925,白衣配白裤,0,20170616
2926,白衣配黑裤白裤,0,20170616
2927,白色桔帽,0,20170616
2928,白色粉帽,0,20170616
2929,卡其色桔帽,0,20170616
2930,白衣配黑裤,0,20170616
2931,黑衣配黑裤,0,20170616
2932,黑衣配白裤,0,20170616
2933,橙子,0,20170616
2934,深老花,0,20170616
2935,杏配老花,0,20170616
2936,红配老花,0,20170616
2937,牛仔配条纹,0,20170616
2938,牛仔配黑色,0,20170616
2939,黑色黑边,0,20170616
2940,黑色红边,0,20170616
2941,全白,0,20170616
2942,白绿条纹,0,20170616
2943,冰紫色,0,20170616
2944,兰灰橙,0,20170616
2945,粉灰绿,0,20170616
2946,红带,1,20170616
2947,绿带,1,20170616
2948,湛蓝色,0,20170616
2949,黑老花,0,20170616
2950,绿老花,0,20170616
2951,白加红,0,20170616
2952,白配红,0,20170616
2953,黄杏,0,20170616
2954,棕色格子一色,0,20170616
2955,白底,0,20170616
2956,白T配背带裙,0,20170616
2957,白条配背带裙,0,20170616
2958,黑条纹配背带裙,0,20170616
2959,配白T,0,20170616
2960,配黑条纹T,0,20170616
2961,配白条纹T,0,20170616
2962,黑色套装,0,20170616
2963,条纹套装,0,20170616
2964,净色衬衫配条纹裙,0,20170616
2965,条纹衬衫配净色裙,0,20170616
2966,桃花色,0,20170616
2967,橙条,0,20170616
2968,中蓝色,0,20170616
2969,大眼,0,20170616
2970,小眼,0,20170616
2971,紫藕,0,20170616
2972,牛仔蓝拼灰,0,20170616
2973,珍珠灰拼土黄,0,20170616
2974,珍珠白拼浅绿,0,20170616
2975,灰拼黑,0,20170616
2976,珍珠白拼橙色,0,20170616
2977,深香芋紫,0,20170616
2978,黑公鸡,0,20170616
2979,黑母鸡,0,20170616
2980,咖母鸡,0,20170616
2981,咖公鸡,0,20170616
2982,灰帽,0,20170616
2983,白拼黄帽,0,20170616
2984,白拼大红,0,20170616
2985,牛仔拼大红,0,20170616
2986,黑男鼠,0,20170616
2987,白男鼠,0,20170616
2988,黑女鼠,0,20170616
2989,白女鼠,0,20170616
2990,黑熊,0,20170616
2991,白熊,0,20170616
2992,咖啡拼杏,0,20170616
2993,森林绿,0,20170616
2994,浅土黄,0,20170616
2995,红色圆点,0,20170616
2996,卡条纹,0,20170616
2997,金黑,0,20170616
2998,金绿,0,20170616
2999,银水银,0,20170616
3000,金粉色,0,20170616
3001,红反,0,20170616
3002,反蓝,0,20170616
3003,银平,0,20170616
3004,白银反,0,20170616
3005,粉粉反,0,20170616
3006,黑银反,0,20170616
3007,银银反,0,20170616
3008,阿拉伯字,0,20170616
3009,橘黄色,0,20170616
3010,白拼粉,0,20170616
3011,石头纹黑,0,20170616
3012,老花公鸡,0,20170616
3013,老花母鸡,0,20170616
3014,杏花母鸡,0,20170616
3015,杏花公鸡,0,20170616
3016,橘条纹,0,20170616
3017,黑黄花,0,20170616
3018,红黄花,0,20170616
3019,F1(布拼真皮）,0,20170616
3020,F2（PU）,0,20170616
3021,白色（以上衣颜色为准）,0,20170616
3022,蓝色（以上衣颜色为准）,0,20170616
3023,绿色（以上衣颜色为准）,0,20170616
3024,卡其色（以裙子颜色为准）,0,20170616
3025,黑色配绿色皮带,0,20170616
3026,咖色配绿色皮带,0,20170616
3027,白色配红色皮带,0,20170616
3028,黄色配黑色皮带,0,20170616
3029,油绿色,0,20170616
3030,水杯,0,20170616
3031,荧光橘,0,20170616
3032,粉绿色,0,20170616
3033,绿格子,0,20170616
3034,白拼黄,0,20170616
3035,蓝色花,0,20170616
3036,艳蓝,0,20170616
3037,银黑,0,20170616
3038,金茶,0,20170616
3039,蓝反,0,20170616
3040,亮黑,0,20170616
3041,豆花,0,20170616
3042,全砂黑,0,20170616
3043,亮双灰,0,20170616
3044,黑黄反,0,20170616
3045,黑粉反,0,20170616
3046,豆银色,0,20170616
3047,蓝色字母,0,20170616
3048,花鸟,0,20170616
3049,铜钱,0,20170616
3050,蓝配白T,0,20170616
3051,灰配蓝T,0,20170616
3052,黄配杏色,0,20170616
3053,黄配杏T,0,20170616
3054,紫配灰T,0,20170616
3055,灰绿条,0,20170616
3056,草莓,0,20170616
3057,闪电花,0,20170616
3058,太阳花,0,20170616
3059,咖太阳花,0,20170616
3060,黑太阳花,0,20170616
3061,大花红,0,20170616
3062,深卡色,0,20170616
3063,粉星星,0,20170616
3064,黑色上衣套装,0,20170616
3065,白色上衣套装,0,20170616
3066,眼镜,0,20170616
3067,帽子,0,20170616
3068,粉裙配白T,0,20170616
3069,绿裙配灰T,0,20170616
3070,黑色牛头,0,20170616
3071,白色牛头,0,20170616
3072,白色字母,0,20170616
3073,暗花,0,20170616
3074,黄字母,0,20170616
3075,绿字母,0,20170616
3076,白配灰T,0,20170616
3077,白拼橘,0,20170616
3078,白银色,0,20170616
3079,中灰色,0,20170616
3080,麻蓝,0,20170616
3081,香于,0,20170616
3082,奶茶杏,0,20170616
3083,黑T配黑纱裙,0,20170616
3084,灰T配黑纱裙,0,20170616
3085,灰T配灰纱裙,0,20170616
3086,衣料,0,20170616
3087,母鸡,0,20170616
3088,公鸡,0,20170616
3089,面具,0,20170616
3090,刘雯同款,0,20170616
3091,树叶,0,20170616
3092,米黄色,0,20170616
3093,绿蓝花,0,20170616
3094,黄兰花,0,20170616
3095,菊花,1,20170616
3096,小红花,1,20170616
3097,红配红,0,20170616
3098,黄配杏,0,20170616
3099,贴标,0,20170616
3100,印花,0,20170616
3101,V领,0,20170616
3102,红领,0,20170616
3103,绿领,0,20170616
3104,黑领,0,20170616
3105,杏白条,0,20170616
3106,咖白条,0,20170616
3107,蓝衣配卡裙,0,20170616
3108,黑衣配蓝裙,0,20170616
3109,卡粉,0,20170616
3110,浅银色,0,20170616
3111,中绿色,0,20170616
3112,草绿色,0,20170616
3113,宽条纹,0,20170616
3114,咖灰,0,20170616
3115,蓝咖条,1,20170616
3116,黑色梦露,0,20170616
3117,白色梦露,0,20170616
3118,白绿金,0,20170616
3119,白黑红,0,20170616
3120,白红蓝,0,20170616
3121,大格,0,20170616
3122,小格,0,20170616
3123,小格套装,0,20170616
3124,黑底黄带,0,20170616
3125,黑底绿带,0,20170616
3126,白底绿带,0,20170616
3127,白底黄带,0,20170616
3128,灰底黄带,0,20170616
3129,灰底绿带,0,20170616
3130,卡底绿带,0,20170616
3131,卡底黄带,0,20170616
3132,性格底黄带,0,20170616
3133,杏格底黄带,0,20170616
3134,杏格底绿带,0,20170616
3135,粉格底绿带,0,20170616
3136,粉底绿带,0,20170616
3137,粉底黄带,0,20170616
3138,杏底黄带,0,20170616
3139,杏底绿带,0,20170616
3140,黑色黑字母,0,20170616
3141,黑色黑色白字母,0,20170616
3142,白色黑字母,0,20170616
3143,黑色白字母,0,20170616
3144,橙红色,0,20170616
3145,卡T配卡裤,0,20170616
3146,黑T配绿裤,0,20170616
3147,浅卡色,0,20170616
3148,花浅绿色,0,20170616
3149,全杏色,0,20170616
3150,杏色配老花,0,20170616
3151,黄花配老花,0,20170616
3152,黑配老花,0,20170616
3153,098 黑白,0,20170616
3154,668 灰色,0,20170616
3155,668 棕色,0,20170616
3156,669 黄色,0,20170616
3157,068 米白,0,20170616
3158,绿配老花,0,20170616
3159,杏花配老花,0,20170616
3160,全杏花,0,20170616
3161,全老花,0,20170616
3162,黄带,0,20170616
3163,玫红带,0,20170616
3164,白带,0,20170616
3165,玫色,0,20170616
3166,大黑格,0,20170616
3167,小黑格,0,20170616
3168,蜜桃红,0,20170616
3169,水绿色,0,20170616
3170,西瓜,0,20170616
3171,彩虹,0,20170616
3172,宝蓝红,0,20170616
3173,宝蓝绿,0,20170616
3174,宝蓝灰,0,20170616
3175,灰豆绿,0,20170616
3176,树叶黄,0,20170616
3177,树叶绿,0,20170616
3178,熊本,0,20170616
3179,KiTi,0,20170616
3180,米奇,0,20170616
3181,闪银,0,20170616
3182,蓝银反,0,20170616
3183,黑水银,0,20170616
3184,豆色,0,20170616
3185,新深蓝,0,20170616
3186,新浅蓝,0,20170616
3187,深驼色,0,20170616
3188,大菠萝,0,20170616
3189,杂果,0,20170616
3190,蕾丝花,0,20170616
3191,杂果蔬,0,20170616
3192,黑马毛,0,20170616
3193,白加黑,0,20170616
3194,新黄,0,20170616
3195,红黄条,0,20170616
3196,三人T恤,0,20170616
3197,二人T恤,0,20170616
3198,单人T恤,0,20170616
3199,麦穗,0,20170616
3200,黑红条,0,20170616
3201,白红条,0,20170616
3202,白杏条,0,20170616
3203,黑杏条,0,20170616
3204,豆粉色,0,20170616
3205,深粉色,0,20170616
3206,深灰条,0,20170616
3207,浅灰条,0,20170616
3208,灰彩,0,20170616
3209,七彩,0,20170616
3210,牛津配皮,0,20170616
3211,仿皮,0,20170616
3212,公老鼠,0,20170616
3213,母老鼠,0,20170616
3214,熊,0,20170616
3215,老花配土黄,0,20170616
3216,老花配黑,0,20170616
3217,老花配红,0,20170616
3218,老花配杏,0,20170616
3219,土黄配杏,0,20170616
3220,4码(2-3岁）,0,20170616
3221,6码(4-5岁）,0,20170616
3222,8码(5-8）,0,20170616
3223,8码(5-8岁）,0,20170616
3224,S 160CM,0,20170616
3225,M 165CM,0,20170616
3226,白底粉花,0,20170616
3227,黑色白边,0,20170616
3228,玫粉,0,20170616
3229,孔雀绿色,0,20170616
3230,奶油,0,20170616
3231,G料,0,20170616
3232,1980人像,0,20170616
3233,TOM人像,0,20170616
3234,狗狗图案,0,20170616
3235,男孩图案,0,20170616
3236,白底黑花,0,20170616
3237,黑带,0,20170616
3238,亚麻兰,0,20170616
3239,蓝格眼睛,0,20170616
3240,红白眼睛,0,20170616
3241,美国国旗,0,20170616
3242,粉格子,0,20170616
3243,奶茶灰,0,20170616
3244,牛津布,0,20170616
3245,PU,0,20170616
3246,邮票,0,20170616
3247,蓝裙配白T,0,20170616
3248,竹子绿,0,20170616
3249,橘边,0,20170616
3250,女M,0,20170616
3251,绿字,0,20170616
3252,黄底蓝花,0,20170616
3253,深褐色,0,20170616
3254,随机,1,20170616
3255,橙花,0,20170616
3256,蓝衣配米裙,0,20170616
3257,卡衣配蓝裙,0,20170616
3258,白衣配黄裙,0,20170616
3259,白衣配卡裙,0,20170616
3260,银彩,0,20170616
3261,黑彩,0,20170616
3262,小花白,0,20170616
3263,小花灰,0,20170616
3264,橘子,0,20170616
3265,黑配蓝珠,0,20170616
3266,蓝钉,0,20170616
3267,黑钉,0,20170616
3268,黑枪,0,20170616
3269,迷彩绿,0,20170616
3270,单色,0,20170616
3271,孔雀黑,0,20170616
3272,金色黑片,0,20170616
3273,银色黑片,0,20170616
3274,暗绿黑片,0,20170616
3275,银色白水银,0,20170616
3276,金色粉片,0,20170616
3277,白水银,0,20170616
3278,蓝水银,0,20170616
3279,浅粉水银,0,20170616
3280,红水银,0,20170616
3281,紫水银,0,20170616
3282,烟紫,0,20170616
3283,6s,0,20170616
3284,7s,0,20170616
3285,6p,0,20170616
3286,7p,0,20170616
3287,男,0,20170616
3288,女,0,20170616
3289,苦瓜脸,0,20170616
3290,高跟鞋,0,20170616
3291,橘 2743-3,0,20170616
3292,粉 2743-1,0,20170616
3293,绿 2743-2,0,20170616
3294,绿 17090-2,0,20170616
3295,深蓝 17090-1,0,20170616
3296,粉深蓝17090-1,0,20170616
3297,浅棕色,0,20170616
3298,小花绿,0,20170616
3299,金肤,0,20170616
3300,玫瑰紫,0,20170616
3301,白豆花,0,20170616
3302,砂黑,0,20170616
3303,玫金色,0,20170616
3304,白杏色,0,20170616
3305,水蜜桃,0,20170616
3306,桔子,0,20170616
3307,深黑蓝色,0,20170616
3308,字母T,0,20170616
3309,小洞T,0,20170616
3310,N 8,0,20170616
3311,男 8,0,20170616
3312,男 9,0,20170616
3313,男 10,0,20170616
3314,男 11,0,20170616
3315,大花绿,0,20170616
3316,男款蓝色,0,20170616
3317,男款黑色,0,20170616
3318,女款红色,0,20170616
3319,女款蓝色,0,20170616
3320,灰碟,0,20170616
3321,灰章,0,20170616
3322,几何,0,20170616
3323,流苏,0,20170616
3324,毛球黑,0,20170616
3325,白卡色,0,20170616
3326,大白,0,20170616
3327,麦色,0,20170616
3328,小鸟,0,20170616
3329,昆虫,0,20170616
3330,荧光枚,0,20170616
3331,浅焦糖,0,20170616
3332,棕配白,0,20170616
3333,黑配咖,0,20170616
3334,双线,0,20170616
3335,白衣配卡裤,0,20170616
3336,红衣配白裤,0,20170616
3337,橘衣配橘裤,0,20170616
3338,白T配黑裙,0,20170616
3339,杏T配白裙,0,20170616
3340,灰桔,0,20170616
3341,杏配杏,0,20170616
3342,黄叶,0,20170616
3343,蓝叶,0,20170616
3344,黑磨砂,0,20170616
3345,焦糖磨砂,0,20170616
3346,全黄花,0,20170616
3347,白衣黑字母,0,20170616
3348,蓝衣白字母,0,20170616
3349,黑衣白字母,0,20170616
3350,粉带,0,20170616
3351,白衣粉字,0,20170616
3352,黑衣黄字,0,20170616
3353,白衣粉字母,0,20170616
3354,黑衣黄字母,0,20170616
3355,平光,0,20170616
3356,宽卡其,0,20170616
3357,窄卡其,0,20170616
3358,白配宽卡其,0,20170616
3359,杏配窄卡其,0,20170616
3360,白配宽黑条,0,20170616
3361,白配黄,0,20170616
3362,蓝膜,0,20170616
3363,银膜,0,20170616
3364,全粉,0,20170616
3365,绿小碎花,0,20170616
3366,绿大花,0,20170616
3367,紫小碎花,0,20170616
3368,绿配杏,0,20170616
3369,黄色树叶,0,20170616
3370,黄色绳子,0,20170616
3371,黄菠萝,0,20170616
3372,白菠萝,0,20170616
3373,2码,0,20170616
3374,4码,0,20170616
3375,6码,0,20170616
3376,8码,0,20170616
3377,白色绿字,0,20170616
3378,白色粉字,0,20170616
3379,蓝织带,0,20170616
3380,黑织带,0,20170616
3381,桔配黑,0,20170616
3382,粉豆花,0,20170616
3383,黑豆花,0,20170616
3384,蓝豆花,0,20170616
3385,闪玫红,0,20170616
3386,闪黑,0,20170616
3387,白配玫红,0,20170616
3388,黑+白,0,20170616
3389,粉+孔雀绿,0,20170616
3390,黑底卡其花,0,20170616
3391,人,0,20170616
3392,佩奇,0,20170616
3393,Holle Kitty,0,20170616
3394,烟灰色,0,20170616
3395,白【树叶】,0,20170616
3396,天蓝色,0,20170616
3397,树叶黑底,0,20170616
3398,树叶绿底,0,20170616
3399,女老鼠,0,20170616
3400,男老鼠,0,20170616
3401,鱼,0,20170616
3402,白五金,0,20170616
3403,黑五金,0,20170616
3404,藕紫色,0,20170616
3405,黄衣配黑裙,0,20170616
3406,白衣配蓝裙,0,20170616
3407,彩带,0,20170616
3408,银带,0,20170616
3409,小菊蓝花,0,20170616
3410,祖母绿,0,20170616
3411,草莓色,0,20170616
3412,浅兰,0,20170616
3413,黑黄条,0,20170616
3414,黑印花,0,20170616
3415,叶花白,0,20170616
3416,蓝石,0,20170616
3417,玫瑰金链黑色,0,20170616
3418,玫瑰金链白色,0,20170616
3419,玫瑰金链红色,0,20170616
3420,金色链红色,0,20170616
3421,金色链黑色,0,20170616
3422,金色链白色,0,20170616
3423,银色链白色,0,20170616
3424,银色链黑色,0,20170616
3425,银色链红色,0,20170616
3426,原装礼盒,0,20170616
3427,玫瑰金色+白石,0,20170616
3428,玫瑰金色+红石,0,20170616
3429,珀金色+白石,0,20170616
3430,珀金色+蓝石,0,20170616
3431,天兰,0,20170616
3432,金配白贝母,0,20170616
3433,金配黑贝母,0,20170616
3434,银配白贝母,0,20170616
3435,红条纹配蓝裙,0,20170616
3436,蓝条纹配蓝裙,0,20170616
3437,黄条纹配白裙,0,20170616
3438,黑底大花,0,20170616
3439,黑酒红,0,20170616
3440,牛仔,0,20170616
3441,深紫色,0,20170616
3442,麻,0,20170616
3443,斜条纹,0,20170616
3444,黑白小条,0,20170616
3445,黑白宽条,0,20170616
3446,黄白宽条,0,20170616
3447,大条,0,20170616
3448,粉领,0,20170616
3449,蓝领,0,20170616
3450,透明粉,0,20170616
3451,透明绿,0,20170616
3452,透明蓝,0,20170616
3453,1002,0,20170616
3454,1001,0,20170616
3455,32abc,0,20170616
3456,34abc,0,20170616
3457,38abc,0,20170616
3458,粉底绿,0,20170616
3459,白底绿,0,20170616
3460,蓝底黄,0,20170616
3461,大蓝花,0,20170616
3462,小蓝花,0,20170616
3463,咖啡,0,20170616
3464,黄色花色,0,20170616
3465,金蓝,0,20170616
3466,卡衣配黑裤,0,20170616
3467,黑底蓝,1,20170616
3468,黑底红,1,20170616
3469,白底蓝,1,20170616
3470,白底红,1,20170616
3471,红上衣+蓝裙,0,20170616
3472,黑上衣+米白裙,0,20170616
3473,黄上衣+米白裙,0,20170616
3474,旧粉色,0,20170616
3475,旧蓝色,0,20170616
3476,蓝杏格,0,20170616
3477,不规则状绿色,0,20170616
3478,不规则状黑色,0,20170616
3479,菱形镂空粉色,0,20170616
3480,菱形镂空杏色,0,20170616
3481,菱形镂空蓝色,0,20170616
3482,镂空菱形蓝色,0,20170616
3483,镂空菱形粉色,0,20170616
3484,镂空菱形杏色,0,20170616
3485,可乐,0,20170616
3486,长南瓜,0,20170616
3487,黑南瓜,0,20170616
3488,粉南瓜,0,20170616
3489,橘南瓜,0,20170616
3490,水晶球,0,20170616
3491,机器人,0,20170616
3492,瓶盖,0,20170616
3493,圆圈,0,20170616
3494,羊纹,0,20170616
3495,皮料,0,20170616
3496,皮料：十字架,0,20170616
3497,红彩,0,20170616
3498,蓝彩,0,20170616
3499,焦彩,0,20170616
3500,深黄,0,20170616
3501,大条纹,0,20170616
3502,小条纹,0,20170616
3503,咖羽毛,0,20170616
3504,白T,0,20170616
3505,兰T,0,20170616
3506,绣卡,0,20170616
3507,杏蓝,0,20170616
3508,绣蓝,0,20170616
3509,棕格,0,20170616
3510,白色石头纹,0,20170616
3511,玫红色石头纹,0,20170616
3512,四叶花,0,20170616
3513,乱花,0,20170616
3514,深紫红,0,20170616
3515,GUCCI,0,20170616
3516,红线,1,20170616
3517,蓝线,1,20170616
3518,黑绿色,0,20170616
3519,橘兰花,0,20170616
3520,橘蓝花,0,20170616
3521,枣红绿花,0,20170616
3522,蓝黄花,0,20170616
3523,大黑条,0,20170616
3524,有印小人,0,20170616
3525,无印小人,0,20170616
3526,紫咖色,0,20170616
3527,红豆绿,0,20170616
3528,绿白,0,20170616
3529,牛仔黑,0,20170616
3530,红配浅蓝,0,20170616
3531,红配深蓝,0,20170616
3532,绿底,0,20170616
3533,新花白,0,20170616
3534,三只鸟,0,20170616
3535,一群鸟,0,20170616
3536,相机,0,20170616
3537,蝴蝶结,0,20170616
3538,花形,0,20170616
3539,西瓜粉,0,20170616
3540,蓝波点,0,20170616
3541,老花拼杏,0,20170616
3542,象牙色,0,20170616
3543,粉丝带,0,20170616
3544,枣红丝带,0,20170616
3545,玫紫红,0,20170616
3546,红底,0,20170616
3547,黑框红,0,20170616
3548,卡其配波点裙,0,20170616
3549,黑衣配波点裙,0,20170616
3550,卡衣配黑裙,0,20170616
3551,樱桃红,0,20170616
3552,雾霾蓝,0,20170616
3553,印度红,0,20170616
3554,蓝拼卡其,0,20170616
3555,卡其拼绿,0,20170616
3556,芒果,0,20170616
3557,跳跃皮卡丘,0,20170616
3558,大头皮卡丘,0,20170616
3559,深黄色,0,20170616
3560,三角蓝,0,20170616
3561,三角黄,0,20170616
3562,袖红,0,20170616
3563,杏咖色,0,20170616
3564,绿蓝色,0,20170616
3565,白色上衣+粉色裙子,0,20170616
3566,绿色上衣+绿色裙子,0,20170616
3567,金小狗,0,20170616
3568,黑小狗,0,20170616
3569,金西瓜,0,20170616
3570,白西瓜,0,20170616
3571,银薯条,0,20170616
3572,粉薯条,0,20170616
3573,蓝菠萝,0,20170616
3574,阳光橙,0,20170616
3575,白拼条纹,0,20170616
3576,白叶,0,20170616
3577,黑叶,0,20170616
3578,纯宝蓝,0,20170616
3579,粉拼黄,0,20170616
3580,卡其条纹,0,20170616
3581,浅藕粉,0,20170616
3582,红配花,0,20170616
3583,黑配花,0,20170616
3584,红配灰,0,20170616
3585,杏+咖背心,0,20170616
3586,白+黑吊带,0,20170616
3587,杏+咖吊带,0,20170616
3588,宝石蓝,0,20170616
3589,紫大花,0,20170616
3590,彩黄,0,20170616
3591,长款网格,0,20170616
3592,短款网格,0,20170616
3593,网纱,0,20170616
3594,黑大格,0,20170616
3595,黑小格,0,20170616
3596,杏小格,0,20170616
3597,杏字,0,20170616
3598,红字,0,20170616
3599,水晶粉,0,20170616
3600,枚紫,0,20170616
3601,棕花,0,20170616
3602,黑框粉,0,20170616
3603,怪兽,0,20170616
3604,百事可乐,0,20170616
3605,可口可乐,0,20170616
3606,绿拼蓝,0,20170616
3607,白拼咖,0,20170616
3608,咖拼红,0,20170616
3609,8号桔,0,20170616
3610,8号蓝,0,20170616
3611,13号桔,0,20170616
3612,大红花,0,20170616
3613,红绿花,0,20170616
3614,大花图案,0,20170616
3615,小花图案,0,20170616
3616,粉猫,0,20170616
3617,白脸,0,20170616
3618,黑脸,0,20170616
3619,粉脸,0,20170616
3620,白猫,0,20170616
3621,黑菊,0,20170616
3622,桔黄,0,20170616
3623,白底绿珠片,0,20170616
3624,黑底绿珠片,0,20170616
3625,白色粉,0,20170616
3626,白色蓝,0,20170616
3627,黑色粉,0,20170616
3628,黑色蓝,0,20170616
3629,白黄,0,20170616
3630,黑马,0,20170616
3631,白马,0,20170616
3632,大象,0,20170616
3633,粉红色,0,20170616
3634,西红,0,20170616
3635,19号,0,20170616
3636,6号,0,20170616
3637,18号,0,20170616
3638,25号,0,20170616
3639,拼接蓝,0,20170616
3640,头色,0,20170616
3641,南瓜橘,0,20170616
3642,海星,0,20170616
3643,绿叶,0,20170616
3644,水手,0,20170616
3645,咖格,0,20170616
3646,藏蓝配红,0,20170616
3647,蓝配粉,0,20170616
3648,白黄灰,0,20170616
3649,白卡杏,0,20170616
3650,黑白橙,0,20170616
3651,黑蓝粉,0,20170616
3652,铂金,0,20170616
3653,大红配灰,0,20170616
3654,黑配米灰,0,20170616
3655,抹绿配米白,0,20170616
